Timestamp,Filename,Status
2026-05-01 19:41:33,N65TL.xlsx,Success
2026-05-01 19:41:42,N65TL.xlsx,Success
2026-05-01 20:02:15,N65TL.xlsx,Modlist Items,Success
2026-05-01 20:02:24,N65TL.xlsx,Modlist Items,Success
2026-05-01 20:05:04,N65TL.xlsx,Modlist Items,Success
2026-05-01 20:05:07,N65TL.xlsx,Modlist Items,Success
2026-05-01 20:05:47,N65TL.xlsx,Recurring Maintenance,Success
2026-05-01 20:05:49,N65TL.xlsx,Modlist Items,Success
2026-05-01 20:05:56,N65TL.xlsx,Recurring Maintenance,Success
2026-05-01 20:05:58,N65TL.xlsx,Modlist Items,Success
2026-05-01 20:06:01,N65TL.xlsx,Recurring Maintenance,Success
2026-05-01 20:06:03,N65TL.xlsx,Modlist Items,Success
2026-05-01 20:09:06,N65TL.xlsx,Recurring Maintenance,Success
2026-05-01 20:09:08,N65TL.xlsx,Modlist Items,Success
2026-05-01 20:09:10,N65TL.xlsx,Recurring Maintenance,Success
2026-05-01 20:09:12,N65TL.xlsx,Modlist Items,Success
